,y_test,y_pred
0,89.5458885,96.74041615
1,105.8551655,106.24114574999999
2,103.2231145,103.23218224999998
3,289.9084220000001,308.4941194
4,98.0984155,101.20852265
5,57.8306135,62.93247924999999
6,425.184831,433.33409439999997
7,95.6306765,96.5155578
8,99.773655,101.84348365000001
9,101.9588735,105.2616321
10,104.4611355,104.5989216
11,265.8670855,273.4819853
12,372.136964,389.86622880000004
13,93.674446,99.66643704999998
14,401.7054765,405.77276660000007
15,110.615625,104.21855680000002
16,110.28656399999998,106.8528802
17,89.1823045,88.2129948
18,99.281156,105.3163008
19,96.277655,98.3262673
20,407.309783,360.18057845000004
21,247.2111185,257.87234529999995
22,122.8120765,115.37418355
23,88.392864,98.68607125
24,129.9638,137.09756280000002
25,279.60789500000004,267.77633849999995
26,122.1159355,152.20635710000002
27,441.244581,403.28079594999997
28,453.83913949999993,440.14205185000003
29,95.5354105,95.3332543
30,111.5951605,109.46607465000002
31,105.5208605,104.08326159999999
32,96.694553,122.10206075
33,239.6798605,238.66827105
34,454.687575,350.22700760000004
35,95.72485,97.94594620000001
36,260.4557145,264.2950654
37,101.4969645,122.3233357
38,347.797375,388.93469775000005
39,289.7565645,322.14344295
40,262.9866,253.65881315000001
41,128.0556395,130.36608035
42,96.7336645,102.82253845
43,345.003634,347.09688585000004
44,339.986,337.45550779999996
45,99.344084,94.18523345
46,111.5370395,100.89322715
47,99.3045355,95.01623264999998
48,117.3858475,111.37148205000001
49,111.507105,101.60715404999999
50,128.086448,111.09851
51,77.613385,81.9411271
52,232.58888,234.825446
53,296.82788,328.0215081
54,109.3481065,108.1711344
55,108.020719,101.42549315
56,111.6972,111.07100084999999
57,77.73705600000002,85.60301230000002
58,104.004689,102.11000995
59,109.5521855,106.0138402
60,146.178248,137.35674749999998
61,164.39568549999996,164.88737605
62,251.7502375,245.82816644999997
63,192.8081145,195.287871
64,287.6849660000001,320.62561085000004
65,138.1940395,140.4049973
66,127.9498855,131.4382817
67,155.0657355,148.1114923
68,101.635275,111.5266389
69,100.187931,105.08043004999999
70,90.4443605,91.1537863
71,410.4741,424.88199
72,105.4334605,108.91235195000002
73,80.7822905,82.50785054999997
74,106.1156175,99.42766025
75,89.3483645,100.16208245
76,96.7917855,101.62701569999999
77,80.075006,79.20452384999999
78,106.30025,103.77720864999999
79,103.4669605,98.15360860000001
80,177.258999,172.33982110000002
81,98.337236,97.28642580000002
82,383.2745645,351.92746199999993
83,80.431598,81.40293975
84,248.9407645,241.93572005000001
85,394.1882025,342.979887
86,109.2572105,106.48818185
87,98.4816645,101.43001610000002
88,113.6529935,106.15798465
89,112.9271365,105.73339545000002
90,111.992175,111.02771599999998
91,93.904745,94.4270037
92,116.873465,111.20269079999998
93,107.3383435,107.55968399999999
94,231.0141505,238.95420015
95,96.4858855,96.2691335
96,109.610525,111.32577185
97,94.8117385,93.0362949
98,209.006175,181.20932605000002
99,359.188217,387.8862692000001
100,103.7632465,105.90548605
101,96.8101395,98.70383530000001
102,219.273927,236.73284174999998
103,102.5933975,104.82714485
104,150.697702,161.55529475000003
105,105.8001035,105.16566689999999
106,322.96485,370.86350230000005
107,123.43065,110.64545025
108,225.5066395,243.72468879999997
109,122.9718,142.6829035
110,96.2769995,105.98740169999999
111,184.672267,226.583626
112,93.257111,96.93249949999999
113,113.2776105,115.00784644999999
114,93.4635935,93.25289395
115,92.6219315,93.0089387
116,102.3963105,106.45372440000001
117,103.865723,105.29945445000001
118,381.7632,281.5708553
119,440.9367145,233.98904985
120,319.7865490000001,419.21844815000003
121,97.021866,105.5227396
122,134.5523,190.61983700000002
123,110.5354355,105.97702295000002
124,447.5083205,427.9214561
125,185.5718315,200.0010034
126,99.40002,96.14144209999999
127,255.4088015,251.80560540000002
128,97.853477,98.58425025
129,284.7262575000001,313.12376295
130,95.5537645,96.44321245
131,104.6979895,107.5348187
132,115.5246645,137.96581625
133,171.3658355,164.34626079999998
134,106.547155,109.51121674999999
135,322.177376,326.4335812
136,260.732991,263.88542160000003
137,97.6404395,97.65704550000001
138,103.8829845,111.84685065000001
139,99.6327225,109.6186532
140,111.9194145,103.64289670000001
141,292.8087910000001,299.1070535
142,92.32062,99.0696043
143,100.645033,92.04633694999998
144,113.1465105,105.93067909999999
145,268.25245,263.47003125000003
146,402.84845,409.76172445000003
147,411.8106645,387.43281615
148,94.8191675,96.26264405
149,135.600663,115.3606584
150,313.144149,315.34330779999993
151,100.3861105,108.40156449999999
152,100.601333,123.34672415
153,163.7620355,162.4351724
154,95.8177125,97.77191094999999
155,101.264262,93.2214081
156,151.2894,143.38854925
157,273.520485,267.75424815
158,104.2972605,82.26592735
159,113.5376255,112.10310745
160,73.869169,74.08458814999999
161,102.5164855,106.45855325
162,99.6069395,105.14099825000001
163,375.937553,400.7596337000001
164,244.0647185,255.26006855000006
165,106.4289465,108.92369210000001
166,233.724206,240.52147880000007
167,109.3166425,130.71257765000001
168,97.434394,95.9633646
169,62.24802800000001,64.971412
170,143.8536265,140.28759725
171,109.69836200000002,103.86041345000001
172,100.960984,101.5296084
173,100.6229645,99.96291969999999
174,95.28785,96.1469046
175,260.7629255,237.31798475
176,114.8228425,103.33194934999999
177,93.4268855,88.06526695
178,113.3833645,110.82492614999998
179,195.0516725,167.50268995000002
180,276.29587200000003,267.31056205
181,106.529675,101.32686225
182,224.06169900000003,255.15728614999998
183,227.5225205,274.24514024999996
184,263.7017505,295.51886835
185,105.5829145,100.79057585
186,109.1261105,106.77360840000001
187,220.7909725,241.22139984999998
188,116.126195,111.81250244999998
189,127.8624855,170.69161004999998
190,108.9622355,114.18779409999999
191,416.4791355,332.49811425
192,333.004925,360.41402385000004
193,96.4391265,109.4124329
194,387.1000625,374.49464455000003
195,71.67171450000002,83.2121853
196,442.6453845,431.40626889999993
197,113.9842395,110.41718329999999
198,107.8697355,117.78539659999998
199,318.6641145,311.35633829999995
200,204.264725,220.22420535
201,130.9944645,137.28840069999998
202,265.1132605,249.45649004999996
203,417.2039,412.71309135
204,176.26395,262.85075855
205,352.0589990000001,353.59236645
206,104.812702,131.6499645
207,95.713925,153.75820965000003
208,103.8139385,100.9742688
209,112.846947,103.56198614999998
210,109.0387105,104.18458005
211,381.777184,322.2565604
212,346.5925660000001,289.52899675
213,369.5752700000001,337.69856719999996
214,101.526025,95.98777105
215,241.443811,322.8544638
216,99.690625,101.8085018
217,257.072242,238.61170140000004
218,107.593333,107.7128962
219,94.0788895,94.25087084999998
220,102.3491145,99.20811144999999
221,92.8233885,101.8997474
222,99.5750385,102.588372
223,99.527624,101.68478710000001
224,99.8752575,102.4973886
225,328.68955,329.83534215
226,141.5952105,134.5583743
227,176.0028425,190.70734625
228,111.668358,103.0032598
229,362.51335,326.2050739
230,254.649077,260.61445475
231,100.8864755,100.49662779999998
232,90.7939605,91.34451495
233,399.329289,414.2050749
234,81.8009375,82.31041394999998
235,107.726181,105.51098429999999
236,173.8239605,174.49892885
237,311.9360625,335.2112506
238,100.018375,99.88273020000001
239,85.0692605,95.6144638
240,98.415459,100.1851342
241,285.2327405,201.94921494999997
242,92.6472775,99.72766075
243,99.668775,108.2607194
244,112.2178855,106.36239139999998
245,111.3840895,108.08631270000001
246,101.0835625,99.27350850000002
247,278.4127,271.79636704999996
248,234.1955105,233.66936249999998
249,100.9660095,91.10180514999999
250,99.35195,102.52083365000001
251,247.658825,311.1916766999999
252,94.469349,95.98969385
253,89.8919925,88.30769269999999
254,450.4161185,408.9264645
255,335.9802395,357.88975889999995
256,104.9309105,105.0877935
257,112.2580895,104.99709415000002
258,106.95575,104.31620445000001
259,114.0095855,112.5985125
260,331.96705,338.06357145
261,122.80464750000002,132.95049835000003
262,215.4337895,278.41337734999996
263,99.943211,103.3705146
264,243.901936,271.30391174999994
265,110.284816,115.7289183
266,441.533875,373.49570625
267,94.10795,98.9976304
268,98.991425,102.8818612
269,106.6133605,115.00164105000002
270,100.27402,95.0049799
271,70.1859145,68.48998305000002
272,103.888447,106.08290805000001
273,79.479375,96.88202600000001
274,327.3822645,331.2951188
275,101.0997315,105.22057594999998
276,387.582292,328.1510349
277,251.954098,275.3482812000001
278,99.7345435,96.66647575
279,104.29005,102.17870635
280,101.3802855,97.7255234
281,102.8857505,98.85374815
282,137.20488999999998,160.47870155
283,265.706488,232.4517494
284,117.3744855,108.97420930000001
285,99.8665175,89.28519615
286,425.8711395,429.5076787
287,131.6206855,192.14671499999997
288,100.302425,90.49341374999999
289,253.0857095,255.27407440000002
290,99.8289355,98.5548183
291,359.856827,368.1147723
292,404.6477975,378.7517893
293,98.696887,96.26712330000001
294,107.3344105,109.33128199999999
295,97.0688435,98.86897759999998
296,103.5253,109.13932975
297,317.220485,313.46923330000004
298,100.139861,104.318455
299,106.5473735,107.50949455000003
300,92.7189455,94.47063815
301,408.6944175,436.1815864
302,453.01233550000006,439.0656771500001
303,93.170148,107.62647944999999
304,375.6015,367.54942539999996
305,100.4306845,104.46301460000002
306,244.226627,242.12931105
307,115.3533605,115.00782459999998
308,382.5897855,357.69068355
309,93.0226605,93.52046905
310,81.9119355,87.11149259999999
311,96.2966645,102.3485901
312,101.775989,104.0938807
313,248.512286,217.251928
314,102.4063615,97.08416035
315,99.0541345,99.0882642
316,147.6441645,148.1490743
317,98.9368,100.23466815
318,104.6870645,98.37807365
319,207.913675,193.71377514999998
320,101.5550855,107.42827809999999
321,92.7665785,99.95481335
322,80.8583285,82.63969345000001
323,114.146148,101.94967465
324,107.78102450000002,112.20101730000002
325,239.5452645,301.96217115
326,95.3243395,96.0706918
327,100.170888,95.2112002
328,100.8554485,86.79191449999999
329,111.691956,108.82501750000002
330,145.988153,162.28276865
331,441.9527395,416.0139927
332,400.323901,390.2254865
333,341.7595645,286.5256924000001
334,367.671261,378.58061640000005
335,107.3199895,95.80521429999997
336,110.0730895,106.8572502
337,109.8493455,107.85581705
338,259.839763,335.82311615
339,163.876748,194.84881710000002
340,105.6666,104.31830205000001
341,91.4831095,92.99598165
342,153.40885,148.73017505
343,142.70235,169.63048665
344,230.0051175,234.28791415
345,106.265727,109.634997
346,104.53477,102.98003324999999
347,99.578316,97.52081074999998
348,103.369291,103.64822810000001
349,433.60756900000007,425.09609815000005
350,113.37833899999998,106.15108004999999
351,257.643401,256.4409955
352,100.957925,98.27581565
353,111.565663,127.15480769999996
354,96.6947715,103.08961099999999
355,255.022275,250.54652099999998
356,110.2181735,103.39623205000001
357,268.7176365,273.72041250000007
358,93.0117355,101.81429204999999
359,295.7736175,310.51843450000007
360,77.088111,82.839905
361,71.076302,80.50986470000001
362,154.113731,145.3523617
363,342.7463105,375.78235245
364,131.688202,139.43584055000002
365,88.4193025,98.94433825
366,354.330962,359.3702275
367,118.3249605,119.89256689999999
368,109.392462,109.33580495000001
369,90.721637,96.2287547
370,133.491701,131.8813123
371,109.8108895,111.9302084
372,110.231502,118.15317580000001
373,106.7427125,100.17547649999999
374,100.459745,99.56728175
375,97.3113785,94.8848486
376,98.8631655,99.29070444999999
377,335.0734645,304.13445444999996
378,411.1296,427.4299185000001
379,107.9444625,105.19437780000001
380,88.48528950000002,98.5110746
381,74.52051750000003,80.67476665000001
382,117.970335,103.78205934999998
383,99.50053,87.86090390000001
384,105.349775,104.54219900000001
385,112.5430135,106.79904179999998
386,209.9782815,207.8198948
387,103.1890285,101.27525254999999
388,98.1648395,95.26820685
389,186.6940475,183.60124555
390,166.8109845,176.08224539999998
391,119.20049,124.09336049999997
392,293.3508895,293.1231032500001
393,97.564183,100.45624899999999
394,242.320433,245.36721884999997
395,322.844675,336.12206785
396,109.1453385,109.22249085000001
397,97.0976855,99.3066768
398,87.870212,82.52699115
399,440.83096050000006,359.9487936500001
400,100.6046105,103.78819920000001
401,416.9017145,306.8149032
402,102.3163395,101.89072334999999
403,142.5931,141.24943424999998
404,114.0371165,104.60431854999999
405,104.8443845,99.71492219999998
406,98.349909,95.12915344999999
407,266.3552145,280.0685367
408,100.818522,97.55769355
409,94.2716065,94.1103535
410,116.7736105,166.04219225
411,105.939725,103.625373
412,296.8272245,274.55261345
413,81.07595450000002,83.21059025
414,81.0125895,81.39437455000002
415,441.47509850000006,341.20890080000004
416,107.262524,104.31386650000002
417,112.8698895,102.74208674999997
418,253.3675745,261.94005055
419,377.7792895,321.6406526
420,61.2929645,69.61451515
421,78.08753,75.97312735
422,107.403675,108.06302059999999
423,94.411665,100.33976665000002
424,101.9462005,90.35318045
425,97.7855235,101.059746
426,444.615162,413.007826
427,110.804409,101.11747369999999
428,95.5209895,99.16467365000001
429,267.8877735,248.36720200000005
430,274.5415355,299.08723555
431,114.102011,106.37438705
432,97.6258,124.08564745000001
433,145.4263895,140.47295079999998
434,235.881675,227.01114309999997
435,102.58575,101.07899585000001
436,105.677525,106.6551377
437,95.770298,93.029871
438,82.5748645,87.28273105000001
439,104.519475,105.8282463
440,103.334331,104.19189980000002
441,97.9332295,100.62595795000001
442,105.052178,105.29783754999998
443,138.6563855,115.16468575000002
444,375.9945815,403.85029435
445,395.8090355,319.34104935
446,97.2799145,93.81966109999999
447,109.8181,237.75408890000003
448,108.5252355,131.2888714
449,314.4907645,313.14880304999997
450,99.398709,103.83978705000001
451,168.9623355,274.23976515
452,99.066152,102.6169518
453,100.6797745,96.7847498
454,261.073851,256.42712075000003
455,102.2118965,107.85905084999999
456,316.7813,342.11486735000005
457,151.5666765,145.65705995000002
458,261.740276,258.0340353
459,93.395203,94.0222106
460,104.2682,102.07037405
461,115.5428,106.155603
462,297.923002,295.3006524
463,156.451244,148.25764694999998
464,274.7856,272.47249345
465,248.3508145,245.22554345000003
466,104.3483895,104.77734869999999
467,406.6103645,409.16338405
468,229.0026395,244.94326329999998
469,102.596675,103.43595535
470,161.3987395,161.1541506
471,401.5660735,417.43837235
472,122.751552,111.4815842
473,101.952974,95.57769025
474,76.1688815,80.2733166
475,430.9123715,418.41930625
476,138.9150895,140.22729124999998
477,109.56267350000002,109.93842795
478,88.9295,99.80529379999999
479,76.155553,82.6182586
480,100.0220895,102.40446055
481,312.8008855,309.7164958
482,313.962213,293.8745903
483,91.562425,92.25063444999999
484,112.4582355,105.31590750000001
485,103.0701645,105.66354100000001
486,92.043999,94.8265965
487,102.141758,106.63151785
488,245.847023,273.82830780000006
489,306.7908245,336.28611765
490,82.2434,86.03474645
491,109.366242,115.58612855000001
492,451.5448895,437.98700820000005
493,80.40100799999998,78.04230049999998
494,101.2845825,100.94649745
495,117.9985215,111.34281485
496,96.4933145,96.1358922
497,113.274333,108.65170330000001
498,105.0510855,107.8629183
499,138.037375,183.98462565
500,359.104313,338.64416965
501,95.432934,95.5824754
502,324.925669,337.16855175
503,121.6540265,111.43366714999999
504,98.0612705,101.99088375
505,108.542497,98.07381240000001
506,107.9973395,99.19476110000001
507,409.1812355,136.2486466
508,358.1579895,331.7430001
509,94.6469895,101.55556620000002
510,96.151799,97.42235465
511,219.50073,241.97675434999996
512,73.82743549999998,84.94569874999999
513,371.936381,329.7740966
514,332.8264105,389.81636710000004
515,104.7443115,106.8707972
516,349.2504,415.63240429999996
517,93.9709505,108.19204485
518,265.954267,274.49265705
519,89.188641,89.57621630000001
520,361.4547175,368.7448826
521,128.64908549999998,126.14265014999998
522,139.842622,137.3300031
523,115.3533605,111.98328204999999
524,95.1906175,98.93312920000001
525,85.78288149999999,92.2508311
526,202.8700395,177.13465065
527,102.3770825,102.50706815000001
528,114.51453899999998,117.47243905
529,177.6079435,235.61635044999997
530,96.16185,99.53909525
531,82.9161615,73.36176830000001
532,337.117095,420.91461995
533,97.68698,85.35488369999999
534,96.854495,100.41174055
535,104.571478,99.45884020000001
536,139.0971,124.00440915000001
537,97.9677525,97.40931020000001
538,333.1688,346.05195330000004
539,95.0475,98.43497105
540,113.569308,107.810959
541,101.9820345,98.5804265
542,258.188777,243.54805340000001
543,100.6920105,103.97912449999998
544,89.063659,90.2590288
545,127.8662,116.3839813
546,105.0038895,101.5600236
547,75.9506,74.8794256
548,71.494948,80.30646304999999
549,118.3647275,121.5791684
550,103.122386,104.96189380000001
551,94.096588,93.79191159999999
552,440.26089400000006,433.84256575
553,205.3950255,291.2978198
554,252.3384395,251.047323
555,107.4065155,104.66018899999999
556,100.7558125,98.07060045
557,367.9476635,336.48405679999996
558,73.164725,80.79634005
559,101.1941235,98.5551242
560,245.975064,249.4274951
561,185.26615,193.88051249999998
562,117.7278,136.89188874999996
563,259.8911105,260.3212496
564,181.6790355,180.9834626
565,266.9268105,259.041364
566,113.2129345,116.73050045000002
567,90.1275355,89.2867912
568,91.67823,102.0687353
569,96.413999,100.8095198
570,378.7843895,349.51786585
571,242.720725,264.17082630000004
572,103.511753,102.64668965000001
573,78.3541,85.40472355
574,104.9466425,95.94151459999999
575,94.839925,98.36266939999999
576,99.917428,101.6083995
577,107.7351395,112.82225650000001
578,124.694017,196.57798239999997
579,170.154253,150.74717040000002
580,100.336948,104.93152230000001
581,258.714925,249.41182865000002
582,118.3140355,127.20158855000003
583,104.479708,106.2554138
584,101.3475105,153.10865285
585,113.7565625,109.54871135
586,257.386008,256.10846035
587,315.9363605,318.2816521
588,102.3491145,158.68538465
589,412.2376135,428.8384132
590,98.0000905,97.72469309999998
591,96.2756885,96.54131894999999
592,92.242834,98.08703165
593,109.9529145,107.14409700000002
594,100.583416,101.06671615
595,412.4832075,415.8639706
596,108.3639825,108.30264955
597,103.5652855,105.53862454999998
598,305.8032045,331.04283870000006
599,103.70447,103.68749255
600,93.3831855,98.03673294999999
601,99.177587,96.2190096
602,176.3550645,187.270669
603,409.6073105,315.5617204
604,324.3359375,300.51961229999995
605,114.7944375,109.92732815000002
606,117.0723,117.63832425000001
607,92.7751,108.30662625
608,137.380564,124.4476364
609,103.47723,100.90882804999998
610,104.7521775,107.56414140000001
611,108.833539,111.0058223
612,102.2870605,90.54655294999999
613,93.9512855,95.86746495
614,177.8115855,186.28040515
615,309.7637355,315.45000135000004
616,91.0710185,94.1270469
617,107.9973395,107.7861374
618,106.721081,95.76271605000001
619,121.6107635,112.56735439999997
620,248.1808215,244.42192229999995
621,70.84818800000002,77.43379985
622,355.9500470000001,340.4506839500001
623,277.4113145,275.64843465
624,105.611975,107.95147635000001
625,111.0261865,108.23803910000001
626,163.6746355,143.9641875
627,122.951698,118.21656264999999
628,271.6538395,263.84738075
629,105.1384855,106.55602609999998
630,278.095875,252.7421401
631,113.1473845,101.31285639999997
632,433.9123765,301.93029200000007
633,103.8786145,107.31323785000002
634,106.0422015,109.59660655
635,113.325025,105.72797665
636,102.705925,95.0384104
637,152.485906,149.76219425000002
638,246.032748,239.16839570000002
639,101.68553,104.46117919999999
640,238.4090645,288.69478560000005
641,385.869689,350.33706605
642,92.5965855,94.87984495
643,384.998311,337.50879995
644,97.451874,104.75058244999998
645,99.333159,95.0132829
646,107.82975,103.61276554999999
647,315.8782395,306.02251295
648,98.276056,97.04743049999999
649,105.7725725,102.7878625
650,253.36823,256.94160085000004
651,385.936113,311.7763827
652,97.549325,97.97638325000001
653,105.8306935,145.67397185000002
654,279.7964605,304.29959675
655,280.0333145,148.17354629999997
656,254.53873450000003,251.07848110000003
657,95.8177125,103.47358104999998
658,354.8040145,387.4016362
659,92.502412,93.6175923
660,104.8400145,104.29981695
661,451.7205635,377.0070231000001
662,146.1583645,144.22350329999998
663,103.789685,105.17530274999999
664,91.1326355,94.6233041
665,105.7249395,106.44994434999998
666,98.2011105,103.7914767
667,119.739311,112.48849775000001
668,109.3301895,98.46022965
669,93.7327855,102.7235361
670,103.802795,102.54353580000002
671,97.2143645,95.0024453
672,266.5435615,140.89236154999998
673,264.117556,242.87509525000004
674,320.2193975,308.47808150000003
675,112.0841635,108.31908074999998
676,376.4355145,388.98171895
677,238.7123425,256.19537965
678,243.8886075,263.6237897
679,315.1427685,337.51668779999994
680,101.5397905,107.938563
681,183.2413105,185.02770095
682,291.8904355,286.95816944999996
683,101.384437,95.73903064999999
684,232.02777200000003,288.3833357
685,97.4472855,97.7711025
686,91.484202,95.58304349999999
687,100.4870575,105.74722649999998
688,94.8742295,277.16563310000004
689,99.6650605,104.8766351
690,98.382247,99.3303622
691,102.291212,112.0025756
692,265.41763100000003,348.47839579999993
693,113.0547405,109.66416675
694,105.4443855,104.0673985
695,97.902858,87.31760365
696,340.721034,309.81558555000004
697,107.0070975,108.5860222
698,100.193175,148.5798252
699,101.6158285,97.35153879999999
700,110.14585,115.17639735
701,96.4858855,103.43224085000001
702,431.28251050000006,409.95098915
703,97.1217205,101.86848004999999
704,113.1539395,102.15091315
705,83.2771235,84.5404031
706,355.5565285,224.14496935000003
707,280.9204245,320.01105775
708,427.610181,380.52371505
709,135.501901,288.3269627
710,103.5325105,96.35332155
711,125.310187,115.65355765
712,108.5492705,107.42181049999999
713,105.9871395,108.9900287
714,100.4258775,109.6692141
715,138.9185855,135.38152935
716,243.1990215,225.05353605
717,95.0171285,95.33668475
718,102.225225,105.72277634999998
719,96.6886535,93.89355780000001
720,100.3410995,103.18402484999999
721,176.54363,183.14562934999998
722,105.576141,99.6754174
723,104.8513765,128.78523285
724,413.3620145,373.7999675
725,99.691936,103.25259015000002
726,144.60832549999995,147.42907309999998
727,73.18635649999997,75.14383244999999
728,409.7130645,353.9544209500001
729,114.569164,104.40913250000001
730,194.0247225,177.88843194999998
731,255.586442,236.83881424999998
732,116.1692395,105.22433414999998
733,231.278317,228.19550049999998
734,123.6528645,122.74145730000001
735,100.7016245,101.92754060000001
736,101.6861855,102.84985094999999
737,101.6280645,112.70715069999999
738,414.2565535,394.61788275
739,105.9998125,103.49829340000001
740,109.13485049999998,113.17436925000001
741,98.220994,102.39532725
742,100.495142,107.71342060000002
743,235.199081,246.97505110000003
744,99.3993645,98.89111165
745,101.220125,109.37161709999998
746,104.0560365,105.96878550000001
747,99.130828,109.6592942
748,134.486313,128.01895335
749,122.1399705,115.02984940000002
750,84.324394,98.0608335
751,73.24491450000002,75.0742402
752,69.2607855,66.735144
753,280.6486105,267.47692795
754,208.1625465,206.65290814999997
755,250.096848,245.48804935000004
756,108.407027,104.31808354999998
757,128.591183,151.17007715
758,137.1743,137.61289505
759,103.033675,102.53883804999998
760,104.848099,131.6319164
761,102.58575,107.17955955
762,105.252324,107.36978564999997
763,159.997062,224.97623075
764,175.405245,165.28906644999998
765,101.5314875,105.70188775000001
766,112.1488395,102.7765005
767,339.1952485,301.51109974999997
768,226.092875,227.42681750000003
769,99.2791895,104.96921355000002
770,101.2028635,94.7180894
771,98.0044605,98.81688720000001
772,262.1814275,255.89800115000003
773,100.367538,98.63725835
774,100.660765,98.528642
775,103.108402,104.0508799
776,240.998945,296.59089489999997
777,167.7133895,190.15198479999998
778,99.333159,100.9202993
779,90.282015,98.29285865
780,97.8755455,97.52467820000001
781,80.7538855,86.9952506
782,105.0943485,104.12685235
783,430.1921955,398.50016889999995
784,104.851158,103.91329045
785,105.3338245,104.9459433
786,93.1100605,98.1545263
787,104.2089865,106.44380450000001
788,106.0391425,101.17310379999999
789,98.1067185,96.78271774999999
790,101.0708895,107.24677015
791,99.52675,103.71456470000001
792,106.0199145,104.24984599999998
793,423.7224105,418.30468115
794,85.8012355,85.52332534999998
795,308.640864,353.84774925
796,105.874612,105.18609665000001
797,109.49909,112.01430905000002
798,173.4769825,182.88257719999996
799,409.969802,342.2157925
800,103.4306895,107.34356565
801,98.2631645,103.69151294999999
802,98.52165,103.81170980000002
803,235.03760950000003,234.82743434999998
804,97.082172,103.43534355
805,88.2479985,86.8389794
806,350.7871105,349.15659795
807,452.05465,432.37892164999994
808,103.890195,108.4832835
809,127.014924,124.03117540000001
810,97.563309,104.9021559
811,79.700497,87.9979034
812,103.8891025,107.63683635
813,130.2926425,134.1375433
814,99.61415,104.74068439999999
815,106.213724,102.0354359
816,106.040235,103.37215335
817,107.3121235,96.17301535
818,115.0946565,118.89517994999999
819,103.963174,94.42726590000001
820,243.0049935,234.93026044999996
821,171.8198785,92.10467645000001
822,100.6373855,101.31377409999999
823,99.6869105,99.3847687
824,96.7699355,102.85293180000001
825,109.3227605,106.58141579999999
826,148.080509,129.69432394999998
827,106.425669,100.57072115
828,152.75335,139.08189240000002
829,100.2624395,103.7421394
830,97.460177,92.84071555
831,273.1724145,275.09698435
832,371.856847,378.39871515
833,106.942203,103.8438293
834,94.140725,81.04945045000001
835,103.7064365,98.20561160000001
836,450.4392795,371.7845890500001
837,362.794778,360.52213765000005
838,99.166662,100.8200078
839,96.3329355,105.027269
840,98.903588,99.3533047
841,80.81878,91.01239495
842,93.7817295,118.99660765000002
843,248.142147,243.98546855
844,110.5467975,102.9672947
845,409.3451105,379.1639677
846,412.0182395,288.55402790000005
847,99.4238365,96.76869005
848,378.7042,396.40062425
849,250.785123,248.55635745
850,97.4778755,103.07497149999999
851,82.5967145,83.63408694999998
852,107.8516,109.88111540000003
853,94.5731365,96.63142835
854,95.0538365,96.75304545000002
855,216.738453,211.1885967
856,136.58435,125.51612324999999
857,90.9329265,91.89985455
858,93.810353,96.41017525
859,428.50756050000007,400.65280905
860,117.61855,135.8653539
861,92.1377355,100.88129705
862,147.3308355,164.88055885
863,105.08713799999998,99.77398275
864,104.2636115,103.3253725
865,109.9625285,104.42812015
866,101.0962355,104.41889945
867,99.6943395,104.1039317
868,98.952969,100.76640975000001
869,100.61925,99.75956174999999
870,107.3942795,107.91793659999999
871,358.3944065,358.8422004
872,371.408922,312.97706205
873,281.7284375,272.65883025
874,403.1615605,379.64433994999996
875,389.0866645,390.05433545000005
876,385.543687,354.91518730000007
877,387.3364795,392.80271585
878,119.9565,116.16292485000001
879,110.2596885,109.5541957
880,107.1524,108.59578915
881,101.03003,100.5930737
882,228.01283450000003,228.81313444999995
883,278.570894,262.93737195
884,93.701977,97.232063
885,89.612094,92.84276944999999
886,104.765069,107.41127879999999
887,130.7322645,126.17747904999999
888,251.9267855,256.40164365
889,135.7665045,130.42708554999996
890,424.556862,370.8409094
891,129.6323355,115.13593115
892,72.5238645,73.03624699999999
893,90.4941785,90.63316635
894,138.0410895,129.3941705
895,170.1422355,186.4081184
896,125.735825,105.10404989999999
897,200.4473115,183.5857976
898,377.531292,401.16919010000004
899,99.4539895,102.64974865000002
900,148.02610249999995,149.36030720000002
901,108.898215,113.07394665
902,213.5983895,238.3845051
903,151.3586645,194.07390685000001
904,97.1706645,97.9672718
905,179.1881355,158.46360715000003
906,420.863775,383.42032585000004
907,114.4649395,106.24957984999999
908,97.8624355,97.2778169
909,139.3748135,137.53268369999998
910,94.5486645,95.74101900000001
911,98.93243,103.06738955
912,102.08757,101.48671684999998
913,98.5616355,116.0719633
914,310.2846395,330.17371125
915,250.8089395,253.24645995
916,102.715539,100.97514280000001
917,107.5966105,128.32957295
918,108.2049145,104.1017904
919,71.700775,75.405224
920,106.2965355,105.3664247
921,434.985867,327.68683165000004
922,98.512473,97.2179916
923,105.365944,104.01865114999998
924,99.4430645,106.7036447
925,414.846722,387.6026125
926,396.390901,373.08722049999994
927,335.5550385,306.6987923
928,221.687041,179.43967270000002
929,94.1204045,98.03673294999999
930,95.081149,87.92494625
931,306.0785145,306.646396
932,102.973369,104.15971475
933,98.6818105,102.9499458
934,434.8077895,412.9153131
935,294.493863,324.84738045000006
936,239.788455,245.84981979999998
937,132.9535355,138.67788589999998
938,89.868176,98.74937070000001
939,95.4882145,97.5511604
940,77.120012,78.85236740000002
941,119.89095,113.65764755000001
942,97.046775,96.41336534999999
943,346.6356105,345.63439980000004
944,91.87925,96.4255795
945,105.8691495,107.4060785
946,100.720634,100.07509759999999
947,209.5919735,209.4613979
948,89.9247675,85.42427930000001
949,104.481019,103.66063890000001
950,163.7266385,165.64183469999998
951,125.6954025,129.4886499
952,102.087133,105.4587628
953,105.552106,104.4055491
954,68.6891895,65.02538150000001
955,71.995313,86.67805415000001
956,130.961034,127.32842779999999
957,389.2505395,406.50624925
958,109.6242905,102.19063645
959,173.9616155,164.81240870000002
960,102.7786855,101.4117495
961,107.170317,100.07284705
962,352.387186,339.6236832999999
963,166.049075,182.16425844999998
964,170.7942395,275.38212684999996
965,105.0912895,108.25908065000002
966,97.5748895,94.65861370000002
967,110.1425725,107.25664635000001
968,97.7496895,97.96362285
969,104.8544355,102.7624291
970,87.19810600000002,90.32647975
971,361.1330855,347.25341925000004
972,82.59299999999998,91.3658624
973,128.28135,122.66303765
974,398.227175,370.0755476
975,82.694384,92.39871190000001
976,112.6221105,113.68395494999997
977,85.32862,88.8421874
978,101.6599655,101.94056320000001
979,100.9004595,101.38144355
980,292.2009240000001,352.4988395
981,95.9361395,94.3161368
982,364.362297,341.912296
983,143.2632395,186.52372674999998
984,99.1384755,92.7429368
985,181.889888,175.34919975
986,167.99263249999996,150.16298880000002
987,114.395675,109.83927265
988,111.7354375,106.4054359
989,101.4357845,96.3565772
990,111.0851815,111.01967520000001
991,100.996381,93.68746860000002
992,97.986325,96.01656935
993,113.14519950000002,106.37759899999999
994,113.1425775,109.00945334999999
995,70.4843855,78.0243398
996,95.8736485,98.9302887
997,106.770462,105.3700955
998,80.4252615,80.72445354999999
999,76.6185545,79.72499085
1000,176.7492385,187.1240555
1001,100.166955,97.9337102
1002,186.5939745,243.56889830000006
1003,88.51063549999998,77.6049946
1004,100.0469985,102.40148895
1005,245.4629,253.7520908
1006,96.7699355,97.93263955
1007,298.893142,314.27652525
1008,372.762748,301.4401091
1009,145.5343285,145.46884404999997
1010,99.21211,103.0227937
1011,97.9170605,108.2981266
1012,97.0233955,98.76420685000002
1013,114.453359,115.51378319999999
1014,97.6242705,102.05608415
1015,100.9498405,101.4981444
1016,182.4000855,190.00006175
1017,106.048975,109.513511
1018,99.5968885,122.32713759999999
1019,98.0263105,100.85879155
1020,119.9160775,115.99509499999999
1021,118.6964105,109.19526575
1022,333.348407,332.5514938
1023,102.461642,102.7213074
1024,383.041425,340.8536634999999
1025,101.3182315,100.71654804999999
1026,83.0905245,74.75249894999999
1027,113.3003345,109.147305
1028,95.5694965,99.43113440000002
1029,91.2930145,97.67441625
1030,103.2703105,101.94174310000001
1031,103.63455,111.13912915
1032,380.8745605,383.71914645
1033,107.317586,102.56553875000002
1034,100.7951425,98.93832949999998
1035,262.0713035,270.33353139999997
1036,99.9674645,101.00029214999999
1037,67.920725,67.40609194999999
1038,100.433525,106.42184525
1039,186.8902605,283.78537465
1040,116.79262,115.4927635
1041,143.901478,134.28597035
1042,225.654127,210.31809270000002
1043,94.5534715,99.92865890000002
1044,101.9601845,96.42844184999998
1045,104.137537,104.00112744999998
1046,124.91645,126.84215605
1047,106.9668935,108.04910215
1048,116.1696765,114.82922269999999
1049,128.2872495,136.3323321
1050,174.5817185,192.71387545
1051,400.191053,388.75587735
1052,71.9959685,79.11860965
1053,110.1714145,103.92679375
1054,222.3965105,211.40008285
1055,106.718459,99.91928524999999
1056,137.194402,137.99505155
1057,98.8867635,103.21155585000001
1058,106.4451155,104.50282530000001
1059,257.0287605,223.88486694999997
1060,100.9236205,104.4089577
1061,108.5322275,116.9179079
1062,63.442786,67.11015555
1063,354.8586395,407.9806217000001
1064,454.1741,291.53076265
1065,108.5497075,107.42012805000002
1066,82.48375,93.1016264
1067,189.032216,202.59287224999997
1068,264.818941,255.57907855
1069,71.60245,75.0798775
1070,99.8726355,103.54798029999999
1071,135.6957105,137.29814580000001
1072,110.375275,106.95874345
1073,88.0810645,87.55651155000001
1074,92.7897395,88.4870375
1075,206.0527105,206.1217565
1076,102.5566895,99.83813435
1077,201.530853,189.7713141
1078,96.788945,96.86251395
1079,128.1469725,122.81939625
1080,109.6172985,111.47408965
1081,224.4869,223.1192211
1082,111.5479645,106.78481744999999
1083,161.8755065,182.8189937
1084,92.646185,93.57845895
1085,242.481686,270.36331295
1086,335.15715,342.3832072
1087,72.3927645,72.6257729
1088,103.132,101.05952749999999
1089,255.4520645,173.939547
1090,104.3119,97.61419765
1091,103.4197645,101.27123215000002
1092,194.6242865,226.75429634999995
1093,100.302425,103.2034932
1094,92.657547,89.65948665
1095,113.91541200000002,107.0928369
1096,97.4472855,94.32354394999999
1097,104.2245,112.62162980000001
1098,103.5106605,121.82627004999999
1099,293.42365,322.9566999500001
1100,104.3488265,104.32815639999998
1101,308.556523,305.71095379999997
1102,105.745697,104.17898645
1103,98.688147,99.08151254999999
1104,322.9917255,317.6001506
1105,111.348474,114.01177050000001
1106,90.7943975,90.30856275000001
1107,86.6433345,86.01870855000001
1108,107.3090645,110.51542089999998
1109,104.7679095,104.37006469999999
1110,105.0169995,105.63417460000001
1111,122.13276,121.39103989999998
1112,92.6101325,101.43853759999999
1113,214.0506845,221.73775484999996
1114,77.23647249999998,87.69069239999999
1115,123.5073435,120.30926825000002
1116,102.816486,103.86181185000001
1117,394.1156605,429.6487204499999
1118,275.459017,323.08120125
1119,423.4816235,427.8983169499999
1120,89.4357645,94.74931305
1121,97.697905,106.1233524
1122,252.3047905,252.98358260000003
1123,105.2472985,110.04964445
1124,92.1119525,93.7257498
1125,95.256386,96.47349655
1126,124.295473,119.12193925000001
1127,82.30895,72.7994367
1128,109.850875,115.8462528
1129,92.84065,96.329658
1130,81.8501,82.65835335
1131,156.6607855,177.1849275
1132,373.3909355,376.5437594
1133,96.5938245,96.41008785000001
1134,101.18735,89.44509445000001
1135,452.211533,398.21662145000005
1136,90.6528095,101.31189499999999
1137,338.774199,307.54624455000004
1138,114.4321645,162.7631846
1139,74.3295485,75.43089774999999
1140,182.0979,184.0100372
1141,96.4714645,100.18707885
1142,74.5122145,76.9256781
1143,90.426225,94.34393
1144,226.972556,227.9416909
1145,90.9397,99.2161741
1146,380.22496,423.97842694999997
1147,102.9818905,106.07117459999999
1148,114.9154865,131.13810640000003
1149,359.443425,399.34030139999993
1150,221.7628605,223.45245545000003
1151,359.987927,322.0429985
1152,111.886858,103.23419245000002
1153,93.2995,97.27919345000001
1154,98.6922985,99.0449575
1155,94.4647605,97.53077434999999
1156,366.850575,312.6467993
1157,106.0561855,102.87908625
1158,107.501126,107.4749497
1159,450.735784,447.39334579999996
1160,94.4503395,101.35168385
1161,137.010425,162.14745159999998
1162,107.838927,111.21713365000001
1163,80.23167049999998,85.64594754999999
1164,217.1088105,211.38732245
1165,215.024102,204.89861535
1166,216.041875,234.48473895
1167,369.756625,359.33937530000003
1168,216.325925,154.32821059999998
1169,126.7262855,144.35838335
1170,424.644699,317.66130875
1171,246.3515395,334.85728059999997
1172,70.41949100000002,80.13771549999998
1173,168.8858605,231.3686449
1174,119.967425,128.85257455
1175,189.258145,192.49985470000004
1176,93.7048175,100.09113550000001
1177,73.6782,73.50001325
1178,107.0722105,101.07934544999998
1179,111.230047,114.01616234999999
1180,250.86618650000003,240.2064892
1181,154.3193395,174.8885362
1182,79.546236,76.89961105
1183,91.4905385,102.24565475
1184,189.0424855,180.79470045
1185,450.3322145,435.7173176
1186,95.408025,96.88742295
1187,101.9073075,104.23765370000001
1188,109.0373995,106.836886
1189,178.752228,179.4943414
1190,94.9231735,106.57848789999998
1191,96.8088285,96.7742181
1192,212.8117895,192.45034260000003
1193,81.2411405,82.93248345
1194,99.8953595,104.16012990000002
1195,99.540297,96.50531015
1196,106.138997,107.41298310000002
1197,444.929802,426.81267785
1198,101.1543565,101.93451075000002
1199,84.0351,156.98320410000002
1200,231.658944,331.81145615
1201,101.65931,103.14170139999999
1202,101.9754795,100.50497450000002
1203,73.09480500000002,74.100779
1204,78.85555749999997,92.13784475000001
1205,101.8647,102.112916
1206,362.12005,413.6202815
1207,103.229451,96.7226084
1208,101.2456895,98.67763715
1209,364.0985675,320.12201205
1210,101.6381155,104.8946832
1211,100.477225,111.70843090000001
1212,110.697344,101.67154599999999
1213,101.1290105,97.56271905000001
1214,302.2910355,315.44652720000005
1215,61.59515,75.33316270000002
1216,380.1172395,369.0013579
1217,317.2536970000001,315.75317010000003
1218,61.1509395,67.3709353
1219,251.5990355,271.56309645000005
1220,136.3354785,166.18273145
1221,204.5232105,311.04521614999993
1222,111.8573605,109.91080955
1223,103.8312,101.2593239
1224,380.1307865,352.5142656
1225,141.7774395,135.38316809999998
1226,106.9266895,105.87834835000001
1227,64.8497075,68.25950925000002
1228,333.5548895,317.5584171
1229,136.428778,116.58703335
1230,146.5918685,161.61612515
1231,188.949186,197.09497525
1232,124.4687435,112.33152734999999
1233,121.4425185,126.41133959999999
1234,106.3585895,106.36418309999999
1235,74.70799050000002,76.50718505
1236,103.2755545,100.03994095
1237,109.8982895,105.35486605000001
1238,111.1712705,108.26683739999999
1239,233.3420495,242.1563832
1240,148.6964605,169.74832370000001
1241,95.77292,175.36158870000003
1242,130.9979605,169.84308715000003
1243,333.102813,307.36370965
1244,81.8865895,81.53360274999999
1245,284.5344145,335.30258360000005
1246,116.85817,108.21717235000001
1247,132.5130395,125.85661179999997
1248,99.4758395,105.81629434999999
1249,90.14873,91.82442835
1250,202.8031785,202.26525334999997
1251,112.8480395,112.34413479999998
1252,353.2163935,374.11899934999997
1253,87.7196655,88.40367975
1254,71.898736,71.34525365
1255,99.9783895,100.39373615000001
1256,101.974387,106.19270430000002
1257,253.4916825,260.66379205
1258,139.546336,144.31457410000002
1259,99.60541,103.37932015000001
1260,282.6950815,326.87571595000003
1261,275.058725,306.08185755000005
1262,80.41193299999998,82.1697655
1263,140.6849395,128.69730845
1264,390.994825,381.3023835
1265,88.626222,92.51661449999999
1266,109.662091,100.36913304999999
1267,98.8675355,97.60630979999999
1268,103.1877175,104.23490059999999
1269,238.2307685,251.32768034999998
1270,249.5800955,251.3371414
1271,222.1561605,225.60404680000002
1272,212.2327645,253.76480750000005
1273,105.4736645,106.20537730000001
1274,101.4714,106.54271944999998
1275,410.6246465,339.8937929999999
1276,96.8245605,98.63651545
1277,123.244925,118.29211995
1278,122.94995,140.45564560000003
1279,100.339133,97.24591590000001
1280,108.0637635,105.4449973
1281,453.0014105,425.9578840000001
1282,118.2012895,111.99923254999999
1283,327.9529865,338.16076025
1284,107.7058605,117.23466735
1285,112.7715645,105.25217104999999
1286,418.62415,439.26595425000005
1287,92.2592215,87.99744455
1288,98.65275,85.9848629
1289,100.4407355,102.7432448
1290,90.4989855,90.96683770000001
1291,432.4077855000001,425.43025019999993
1292,264.570725,253.10535265
1293,88.8991285,98.95871555000001
1294,72.6060205,74.02865215
1295,291.832533,342.93837199999996
1296,109.336526,108.87896515000003
1297,109.0343405,105.2831762
1298,244.89043,264.8512353
1299,101.0328705,91.12964204999999
1300,104.585025,101.03588579999999
1301,101.1617855,109.66235320000001
1302,231.6036635,243.351753
1303,101.0088355,114.49030735
1304,401.155949,314.52474125000003
1305,141.416259,148.8718723
1306,101.9711095,99.37600685
1307,100.586475,120.45996769999996
1308,102.587935,106.25233295000001
1309,103.1243525,97.57858215
1310,98.005553,302.07609705
1311,104.6477345,108.72103335
1312,126.1691105,136.37443705
1313,107.25400249999998,105.49037974999999
1314,320.4230395,300.4164803
1315,100.0330145,91.69245435000002
1316,118.4241595,114.81967425
1317,101.8684145,103.06756435
1318,101.4353475,102.89186849999999
1319,93.9831865,100.57218509999998
1320,123.0843275,123.5695723
1321,94.380201,93.91105965000001
1322,100.062075,104.56426749999999
1323,249.7273645,276.4265787
1324,93.638175,99.5119794
1325,410.2993,401.59498105
1326,99.3408065,96.6422878
1327,101.626535,107.68940745
1328,100.242556,102.3045842
1329,109.4346325,106.849122
1330,92.428559,95.41523550000001
1331,99.3010395,100.46852870000001
1332,92.1158855,98.13593195
1333,114.73129099999998,107.1606156
1334,108.2411855,101.81643335000001
1335,99.4116005,101.5182901
1336,130.43029750000002,110.98346975
1337,139.676125,227.87277600000002
1338,81.4386645,84.46753335
1339,129.060958,135.92683979999998
1340,107.3540755,103.93583965
1341,101.613425,107.7689633
1342,94.3738645,101.52967394999999
1343,99.3941205,94.8088543
1344,112.654667,105.57749570000001
1345,251.5116355,261.23324675000003
1346,101.2456895,102.82197035000002
1347,95.998412,102.22048355
1348,309.41348,328.83920065
1349,115.6714965,111.29904930000001
1350,80.9361145,87.60912635000001
1351,118.2522,111.41548795000001
1352,145.877592,141.84242139999998
1353,114.7817645,108.59631354999999
1354,111.249275,112.74379315000002
1355,133.142101,133.13320804999998
1356,334.325539,338.62437355000003
1357,437.8143495,434.1924935
1358,99.837894,97.50997315
1359,95.1421105,91.70243980000001
1360,92.62215,94.23120585000001
1361,102.19682,100.70922829999999
1362,110.5319395,117.9207792
1363,101.0481655,102.0831563
1364,96.828275,96.5867451
1365,97.972778,104.26192905
1366,323.409716,376.4394038
1367,262.48405,269.27024485000004
1368,102.6257355,104.22587655000002
1369,107.469225,112.19658174999999
1370,317.837966,329.5891363500001
1371,107.6293855,108.34630585
1372,98.44736,100.7279756
1373,425.724089,393.99939665
1374,361.7973255,343.86017979999997
1375,137.272625,115.9506521
1376,240.360925,256.08477495
1377,228.572413,207.3207097
1378,115.8559105,108.68498084999999
1379,244.39225,206.75936135
1380,91.5696355,97.22850145
1381,233.378102,247.31881715000003
1382,107.0612855,108.1630499
1383,104.855091,100.50322650000001
1384,257.0615355,257.03533735
1385,333.76749,315.01086004999996
1386,112.957945,99.1670116
1387,104.520786,104.50005035
1388,91.8501895,95.66928545
1389,143.281375,156.67164495000003
1390,93.7218605,100.46962119999999
1391,91.4896645,100.14818585000002
1392,80.4152105,74.19652570000001
1393,110.6556105,117.31007170000002
1394,105.136956,103.0260712
1395,91.8790315,90.30489194999998
1396,90.552081,99.19157099999998
1397,330.26275,342.71709705000006
1398,258.8606645,246.95302630000006
1399,115.7868645,107.88098825
1400,99.687566,97.9016781
1401,107.8854675,128.88788415
1402,72.31279350000001,77.65105439999999
1403,105.655675,106.22392794999999
1404,447.455225,426.65721510000003
1405,105.763177,105.83995789999999
1406,217.441149,229.4524436
1407,99.4229625,103.60787114999998
1408,112.513953,116.0674185
1409,168.7001355,173.80562835
1410,223.7149395,233.21269749999996
1411,327.014092,336.2298102
1412,366.6248645,362.14277400000003
1413,453.048825,425.9549124
1414,104.356037,105.14711625
1415,93.85449,95.15532975
1416,138.722591,136.09340235
1417,103.4280675,100.4576911
1418,100.5163365,102.28944215
1419,97.3817355,97.57534834999998
1420,95.6267435,95.59320375
1421,98.971323,105.15419564999999
1422,136.6352605,120.40457795
1423,92.012535,98.04296020000001
1424,99.0751105,106.43425605
1425,109.1383465,140.34528124999997
1426,107.2181685,106.8974105
1427,406.3035905,357.86439105000005
1428,106.6133605,104.60980290000002
1429,93.1174895,126.00412114999999
1430,106.123265,100.67568854999999
1431,114.16625,115.89443205
1432,119.880025,104.38208219999999
1433,274.42332700000003,313.11312200000003
1434,56.405775,61.01496695000001
1435,107.7499975,99.28646555
1436,409.6001,410.33751565
1437,104.9593155,102.59529845
1438,103.205853,106.6845041
1439,132.91398700000002,134.55809025
1440,95.3304575,106.96896925000001
1441,116.372226,132.70105875
1442,96.5514355,104.31235885000001
1443,99.2464145,94.10928285
1444,99.6672455,102.36176565000001
1445,255.8635,260.5933258
1446,92.40365,99.31550419999999
1447,177.039625,176.20890984999997
1448,102.80425,104.02739115
1449,108.0764365,106.2694415
1450,111.7966175,133.13045495
1451,102.443725,100.09218430000001
1452,104.7272685,105.73903274999998
1453,108.6939175,111.33446814999999
1454,100.1531895,102.01937615
1455,105.51365,101.71775875
1456,329.1556105,298.89862635000003
1457,394.071305,386.71583025000007
1458,252.662038,253.53831040000006
1459,114.636025,112.23392340000001
1460,264.2357645,255.87204335
1461,387.2241705,399.40414710000005
1462,102.8223855,102.566959
1463,111.960274,139.02868765
1464,104.109569,104.45160890000002
1465,102.640375,102.6349999
1466,95.4768525,145.86301804999997
1467,105.1026515,100.3942824
1468,81.7345135,84.44570519999999
1469,224.88653650000003,237.00319179999997
1470,100.1955785,103.03448345
1471,199.58227,208.08657405000002
1472,97.9244895,102.54495605000002
1473,99.0388395,101.0499135
1474,304.333355,316.65998879999995
1475,114.2451285,113.19257029999999
1476,103.012699,102.0735423
1477,80.6559975,83.23383864999997
1478,154.7598355,159.53229065000002
1479,247.658388,200.23510430000005
1480,104.59595,95.03900035000001
1481,107.4436605,108.000617
1482,108.190712,108.90059664999998
1483,104.2500645,104.8021266
1484,106.1036,106.1612403
1485,93.4596605,104.00423014999998
1486,113.0870785,109.8136863
1487,106.748175,107.28741115000003
1488,136.5225145,143.9227599
1489,258.9952605,274.24107615
1490,101.33156,98.60041924999999
1491,96.7909115,98.743646
1492,110.3387855,104.98470520000001
1493,275.799003,273.7913813
1494,93.729508,99.20238675
1495,97.8187355,97.61872059999999
1496,331.1889715,300.37725955
1497,210.452645,242.77908635
1498,86.48098900000002,91.8318355
1499,113.606016,107.89374864999999
1500,255.1509715,244.91394060000002
1501,313.9890885,358.7960532
1502,405.6415355,417.9764723
1503,97.8733605,103.00162105
1504,109.3301895,108.6147768
1505,92.67022,95.1894813
1506,175.3438465,167.99938414999997
1507,102.1660115,104.53723905000001
1508,419.967925,320.0079769
1509,112.1523355,105.18190144999998
1510,112.2653,100.19653990000002
1511,93.189813,98.27994529999998
1512,98.2194645,98.85977874999999
1513,100.100094,99.84849125000001
1514,103.204542,94.8050524
1515,271.3287115,297.22150775
1516,122.3213255,117.53991185
1517,220.1009495,213.4683383
1518,96.583992,99.41669154999998
1519,99.046924,106.05015489999998
1520,447.1893105,407.33978305000005
1521,252.8628395,242.94114779999995
1522,263.2088145,293.49765594999997
1523,185.9131285,175.55065675
1524,114.90915,103.58741954999998
1525,99.6797,105.48500465
1526,101.8474385,99.50592694999997
1527,363.1751865,354.15697044999996
1528,121.1047175,107.24843075000001
1529,107.6621605,112.19317315
1530,100.7103645,103.02036834999998
1531,105.9565495,105.00198855
1532,73.998958,78.62191544999999
1533,94.1134125,104.07419385
1534,113.762462,108.4020889
1535,94.7780895,100.3442022
1536,100.934327,96.28311749999999
1537,160.0047095,397.51954090000004
1538,375.229176,290.86228375
1539,88.958342,96.8187921
1540,275.442848,268.74383464999994
1541,336.968952,172.39785469999998
1542,102.9644105,108.95808400000001
1543,93.8402875,97.121502
1544,142.784069,145.447584
1545,103.030616,102.48827715
1546,106.797556,104.55163819999999
1547,260.82192050000003,257.99721805
1548,97.3636,96.54040125000002
1549,92.8334395,92.84849415
1550,111.065735,107.24290269999999
1551,229.8255105,232.00161755
1552,110.4515315,99.3244627
1553,112.84214,107.1330409
1554,87.892499,91.1321548
1555,343.2488605,370.7005013
1556,100.1457605,100.3945009
1557,98.1145845,102.06552335
1558,107.87345,115.04931775
1559,188.7767895,171.88038114999998
1560,109.6793525,100.18074235000002
1561,117.472155,121.12554055000001
1562,70.29713100000001,84.2634325
1563,108.4771655,95.07682270000001
1564,104.0971145,93.31151750000001
1565,92.0826735,98.19514545000001
1566,113.3141,107.74897055000001
1567,324.007969,342.56521770000006
1568,101.46703,98.3061653
1569,151.41394499999996,136.14695670000003
1570,304.3838285,360.0673736
1571,392.6407855,321.190193
1572,107.652328,114.1727613
1573,158.988466,160.1330127
1574,110.4301185,100.9118215
1575,109.4302625,117.11844719999999
1576,266.6209105,264.7318032
1577,107.5310605,108.58547594999997
1578,96.019825,100.20053845
1579,100.0373845,98.92419255
1580,267.3515745,284.1995851
1581,394.796725,326.74413525
1582,259.99315,249.47077994999995
1583,91.6321265,90.8887021
1584,106.6133605,100.52822290000002
1585,449.348309,425.1333087
1586,90.155285,92.68912025
1587,99.5486,91.487261
1588,124.5268645,111.97047794999999
1589,96.226526,98.95351524999998
1590,113.307108,127.38678914999998
1591,105.4990105,111.91231324999998
1592,103.8799255,102.81089240000001
1593,94.0146505,99.3828022
1594,108.037325,109.09034205
1595,257.5133935,269.59969915
1596,100.6037365,123.36492520000002
1597,194.6977025,177.34880249999998
1598,103.438774,102.10850230000001
1599,99.4330135,98.28658770000001
1600,104.859461,104.14769725
1601,90.8997145,96.04108504999999
1602,115.4267765,104.50913995
1603,255.1278105,267.74915710000005
1604,101.3365855,114.51482304999999
1605,406.5767155,394.2485522
1606,106.008334,107.89883969999998
1607,94.041089,101.37707355
1608,92.1263735,95.70929280000001
1609,107.44322350000002,95.07688825
1610,93.37379,94.77448425000001
1611,115.8886855,140.96385474999997
1612,232.363825,221.98269334999995
1613,181.199865,147.95795235
1614,332.1368245,324.5533449999999
1615,105.475194,96.93726280000001
1616,242.7244395,267.20891585
1617,117.928383,115.70184614999998
1618,103.2694365,101.4390183
1619,102.5247885,105.1424622
1620,94.1588605,96.92974640000003
1621,82.9498105,80.95055735
1622,111.188969,110.98764309999999
1623,280.53215,262.92032895
1624,103.3249355,96.39911915
1625,81.3525755,82.77498865
1626,412.5802215,406.72072885
1627,97.0504895,95.7606403
1628,96.877219,94.71555479999999
1629,108.535505,110.03255775
1630,61.279636,60.1095685
1631,102.0576355,99.18152
1632,85.327309,92.23442175
1633,73.3231375,82.21256964999999
1634,104.258149,104.35741355
1635,109.8143855,105.9382392
1636,105.6480275,102.9266537
1637,98.1871265,91.88351075
1638,105.9578605,101.27267425
1639,379.322992,374.6543899
1640,97.156899,96.8569859
1641,110.790425,108.46071244999999
1642,322.985389,268.87858359999996
1643,103.5032315,102.02752619999998
1644,113.29225,114.64694999999999
1645,100.3502765,103.78791515
1646,92.3544875,95.75030524999998
1647,103.126756,107.87913099999999
1648,142.01276399999998,171.38556605
1649,260.6095385,262.19831755
1650,135.01115,135.25427495000002
1651,110.450439,107.24578690000001
1652,115.1370455,114.3769714
1653,315.211159,360.15606275
1654,100.773511,100.20595724999997
1655,106.0928935,103.93339245
1656,425.266987,399.27444549999996
1657,102.859312,93.23069435
1658,133.446253,136.3944298
1659,112.2279365,113.2850395
1660,411.4208605,426.714768
1661,72.7969895,75.44999464999998
1662,239.162234,309.91965710000005
1663,248.183225,281.3083057
1664,350.004225,397.41660555
1665,263.800294,260.9486068
1666,105.904328,107.66259749999999
1667,101.0344,94.64543815000002
1668,391.0276,379.82967165
1669,423.55853550000006,428.77555075
1670,179.333001,170.91371529999998
1671,105.446352,102.91408994999999
1672,268.669785,255.30990839999998
1673,261.8239615,268.42858285
1674,90.896,81.21852574999998
1675,93.4360625,86.1028092
1676,57.7751145,69.63096820000001
1677,111.126915,106.04864725
1678,333.527577,332.12474145000004
1679,82.071659,79.81448844999998
1680,117.3552575,123.89207830000002
1681,338.9190645,363.98571225
1682,104.0497,101.1329872
1683,147.192525,138.53819885000001
1684,90.1240395,96.65113705
1685,427.2149145,416.99542914999995
1686,102.767105,99.09184760000001
1687,292.779075,287.91441285
1688,383.0988905,358.30222134999997
1689,119.831955,117.06041360000002
1690,238.7525465,240.55689765000002
1691,369.809065,356.27803735
1692,98.4742355,95.29049385
1693,197.048544,204.71461649999998
1694,235.8998105,232.61542774999998
1695,103.7916515,112.93985319999999
1696,105.5317855,104.32140474999999
1697,333.96414,325.76857645
1698,105.1422,98.1411541
1699,216.699997,230.53585400000003
1700,105.9019245,107.51875894999998
1701,102.517141,101.41369415
1702,100.069941,96.30461790000001
1703,374.2741125,306.40731330000006
1704,115.3533605,139.27744990000002
1705,106.7470825,102.52384895
1706,377.6739725,384.99597305
1707,146.4485325,151.62720099999999
1708,105.9954425,99.04559115
1709,132.4984,146.18202805
1710,287.84316,281.08143714999994
1711,194.2427855,188.92296600000003
1712,101.1364395,103.264848
1713,108.5479595,111.8159766
1714,103.830763,101.98317069999999
1715,95.823612,97.61033019999999
1716,341.7643715,418.14213899999993
1717,177.0970905,189.4199661
1718,112.3371865,114.30860275
1719,100.174384,100.33141995
1720,99.320486,106.829457
1721,59.8253,70.79026365000001
1722,92.4545605,96.44107115
1723,91.2772825,97.5718742
1724,102.9198365,103.22396665
1725,114.136097,108.69463855
1726,100.328208,102.0308037
1727,114.503177,108.68454385
1728,103.8493355,106.88355760000002
1729,105.00061200000002,107.54187625
1730,97.0710285,96.53242599999999
1731,113.342505,108.3583452
1732,102.5929605,105.9444009
1733,106.858299,98.25805160000002
1734,81.940559,79.59183694999999
1735,128.9847015,115.51341175000002
1736,96.609775,119.1619029
1737,92.57845,98.80530669999999
1738,373.798875,374.64713570000004
1739,301.3807645,274.8649155
1740,238.0048395,227.75694915000003
1741,121.9667,118.80917835
1742,402.1346105,395.8664136
1743,363.333162,374.76672075
1744,87.6064825,95.9099632
1745,309.6693435,330.0132666999999
1746,97.990695,96.2801022
1747,97.7654215,99.2758246
1748,77.228825,82.62428919999999
1749,107.9243605,110.1383773
1750,311.52419,295.6768657
1751,98.1486705,98.38777504999999
1752,94.945242,93.09212165
1753,174.2500355,194.26443885
1754,99.452023,104.27084384999998
1755,177.2035,190.58234240000002
1756,97.5984875,102.22891765
1757,101.9046855,100.36343020000001
1758,224.7054,192.44660624999997
1759,92.379615,97.78797069999999
1760,97.3345395,96.85796915
1761,109.8327395,100.07778515
1762,109.176147,102.03853860000001
1763,98.4707395,92.11022635
1764,150.2635425,164.20150454999998
1765,96.2018355,91.8275529
1766,110.7600535,111.47157689999999
1767,93.2739355,96.42555765
1768,101.0695785,142.08078304999998
1769,111.314825,113.82278984999998
1770,168.124825,174.308812
1771,310.3064895,302.03667965000005
1772,72.4762315,81.47718605
1773,325.8272,333.22366535000003
1774,92.818363,104.75294225
1775,133.9769895,137.42186049999998
1776,113.4379895,107.3986932
1777,174.692498,229.0584007
1778,297.5181215,317.28553245
1779,84.418786,91.27605890000001
1780,107.1814605,100.1485136
1781,92.239775,94.90416400000001
1782,350.4851435,352.8488765
1783,153.2465045,190.78371199999998
1784,217.0616145,251.77023025
1785,206.3896375,202.35772255
1786,250.292187,250.90453325
1787,112.7641355,108.35076325
1788,97.461925,101.69783155
1789,107.2325895,107.5241996
1790,323.8473715,169.0680021
1791,141.1947,238.21090685000004
1792,99.22522,100.5120102
1793,454.22501050000005,403.2683414500001
1794,100.410801,104.3995185
1795,101.6643355,96.08172605000001
1796,91.2956365,92.2793672
1797,232.6297395,233.20684169999998
1798,110.5865645,109.07207545000001
1799,106.114962,101.12881385
1800,110.0927545,112.38774740000001
1801,150.4846645,147.21867945
1802,268.1386115,259.16964535
1803,293.7857045,312.63534990000005
1804,178.60627,175.51665814999998
1805,282.3719200000001,260.23789185
1806,96.458136,95.1382649
1807,175.740424,282.80028925
1808,129.490092,146.6234199
1809,300.5648855,324.61729995
1810,152.2322275,149.27290720000002
1811,101.158508,105.81631619999999
1812,110.0001105,110.48448130000001
1813,99.789824,95.8424467
1814,285.3284435,268.35359365
1815,104.4921625,103.98838889999999
1816,103.153413,101.31768525
1817,110.844176,106.2644597
1818,104.3846605,108.59570174999999
1819,105.240525,104.10268625
1820,94.2427645,101.5910943
1821,171.130511,171.69439395
1822,95.4991395,95.88702070000001
1823,321.162225,307.5300537
1824,102.192887,101.692959
1825,101.0079615,104.63783644999998
1826,82.166925,80.71706825
1827,86.003785,85.41307024999999
1828,362.4915,332.4225788
1829,172.6187145,160.75905889999999
1830,188.052025,244.56884170000004
1831,206.1029655,190.20785525000002
1832,92.2544145,89.68151144999999
1833,106.998139,155.69084214999998
1834,139.3324245,139.37280330000002
1835,256.7879735,257.90439925
1836,96.3840645,98.84522665
1837,441.490612,433.44983385000006
1838,98.3977605,89.85390794999998
1839,403.0632355,318.1946017
1840,208.7577405,191.77884840000002
1841,103.9913605,102.36128494999998
1842,96.260175,98.6186203
1843,113.706963,102.570018
1844,104.2623005,94.83592645000002
1845,92.7167605,102.7310962
1846,106.726325,106.87066610000002
1847,261.5882,274.5816084
1848,98.977441,104.25762460000001
1849,181.24575,110.06052575000001
1850,136.487773,108.8857168
1851,106.4713355,100.45863065
1852,103.6636105,104.1836405
1853,89.2828145,93.027249
1854,248.2013605,253.3055205
1855,101.067175,109.28771309999999
1856,89.811803,102.28690755
1857,104.1665975,96.14528770000001
1858,215.5683855,221.44312945000001
1859,133.9748045,130.0158904
1860,99.8940485,102.0743726
1861,108.0847395,200.40415775000002
1862,92.0468395,101.37165475000002
1863,435.11718550000006,415.3421926
1864,108.1314985,108.22405510000002
1865,180.6494635,195.01017935
1866,104.536955,117.87653294999998
1867,125.2806895,287.1595609
1868,127.7788,115.3511755
1869,272.75595350000003,262.84234630000003
1870,101.428574,103.53965545000001
1871,96.9303145,104.0850533
1872,98.925875,103.7345793
1873,101.434692,134.00170185000002
1874,129.619444,114.6838328
1875,173.9515645,169.57675749999999
1876,100.88145,101.52246344999999
1877,147.2290145,127.64503430000002
1878,107.97680049999998,102.40690775
1879,80.9662675,83.84705890000001
1880,381.5484145,340.08386614999995
1881,233.253994,276.89624445
1882,112.4401,110.41416799999999
1883,102.701992,103.04947254999999
1884,112.2934865,106.62893955
1885,96.997394,102.49754155000001
1886,439.2123125,427.50964915000003
1887,119.9090855,112.49721589999999
1888,100.97759,99.77983855000001
1889,93.632931,102.6927713
1890,137.9554375,295.95075545
1891,72.762685,81.18699619999998
1892,246.750302,246.26049055000004
1893,120.166697,174.66695535
1894,297.0540275,293.86434264999997
1895,104.6258845,105.09524435
1896,81.5833115,80.34976975
1897,106.879275,97.52727835
1898,343.4018105,348.3189345
1899,96.1581355,98.081591
1900,101.3387705,104.13629154999998
1901,100.7553755,100.29538929999998
1902,121.6269325,107.67000464999998
1903,106.65116100000002,106.53070195000001
1904,99.1227435,95.46822175000001
1905,99.5977625,98.0175705
1906,242.446289,236.55727700000003
1907,112.11650149999998,106.40510815
1908,372.5169355,364.2478904
1909,112.3782645,109.98715345000001
1910,384.1944495,349.3830295
1911,133.2594355,121.42578139999998
1912,110.954737,103.18494255
1913,360.85275,349.61332849999997
1914,407.85647,413.71154895
1915,380.8085735,368.47619315000003
1916,98.309705,98.79256815000001
1917,112.9208,111.20633974999998
1918,429.1875325,372.01436365
1919,110.4663895,106.07914985
1920,319.5162645,341.00038624999996
1921,95.8885065,102.13164144999999
1922,124.978941,146.28146740000003
1923,401.0569685,383.1058825
1924,101.447802,92.89813735
1925,104.2325845,102.0571548
1926,119.7259825,249.14857984999995
1927,96.2874875,99.77323985
1928,134.72491499999998,122.85614795
1929,133.6164645,131.86558029999998
1930,144.41364199999995,140.45177815
1931,101.0818145,98.58936315000001
1932,232.9063605,244.12085115
1933,107.459174,103.3034351
1934,136.617125,139.30207485
1935,100.4376765,97.96397245
1936,100.4201965,97.1457118
1937,103.0653575,105.99415335
1938,95.5620675,96.328784
1939,198.3068855,208.06699645000003
1940,104.2207855,101.1712247
1941,100.1510045,104.70163845000002
1942,103.8978425,140.52056194999997
1943,101.1364395,107.20036075
1944,200.107981,198.99907165
1945,94.3555105,100.43907489999998
1946,108.3906395,105.46433455000002
1947,113.407181,103.5456642
1948,412.0982105,424.4913994
1949,84.32636049999998,89.47928970000001
1950,366.653925,377.08035169999994
1951,341.608581,352.10154095
1952,411.0603355,328.07785924999996
1953,448.700675,292.76074285000004
1954,187.0834145,182.89081464999998
1955,113.3007715,107.0987364
1956,389.7603,342.73300385
1957,252.5547545,261.07627635
1958,411.0043995,320.26010405
1959,155.4409,231.7487912
1960,96.6161115,96.324851
1961,83.2408525,90.12366805
1962,103.8749,98.49392235
1963,415.9803,357.28558455
1964,172.3455895,186.19234965
1965,106.3918015,103.855672
1966,198.07462,271.0419521
1967,104.879563,106.2593905
1968,311.3188,339.64227765
1969,99.060034,89.18802919999999
1970,138.146188,142.80148345
1971,382.66779,312.1187722
1972,110.6857635,120.9608571
1973,108.1721395,107.20079774999999
1974,109.8181,110.81019924999998
1975,91.238608,89.4100689
1976,314.5637435,312.9532455499999
1977,265.8513535,261.3787896
1978,239.312125,243.12685094999998
1979,158.12845,153.63021235000002
1980,81.2315265,92.98374564999999
1981,95.4554395,97.4763897
1982,99.4797725,97.49865485000001
1983,252.43305,426.3599677
1984,111.9998225,101.79043184999999
1985,110.655392,104.2116959
1986,209.228608,192.76823825000002
1987,102.051736,99.16209535000002
1988,104.564049,130.13877480000002
1989,374.552263,376.70317700000004
1990,109.217662,102.93762239999998
1991,105.759244,104.18549775000001
1992,381.348924,413.4823643000001
1993,375.71075,388.73564425
1994,112.6513895,103.41078415
1995,92.7097685,95.45882625
1996,223.7901035,231.8903355
1997,114.7406865,112.75670649999999
1998,100.9725645,108.10106145
1999,95.4340265,95.1769831
2000,101.4436505,107.90819149999997
2001,90.8013895,80.74462109999999
2002,149.27417450000004,143.67452205
2003,104.9855355,111.67159180000002
2004,108.1575,104.42215509999998
2005,289.894875,289.42800605
2006,339.6003475,350.21042345000006
2007,119.8291145,106.68234094999998
2008,231.514734,289.61283520000006
2009,363.251006,401.03522775
2010,104.7613545,106.971482
2011,129.9128895,130.34755155
2012,90.977719,98.72507350000001
2013,112.6216735,114.90335975
2014,370.4516735,258.45305275
2015,345.3875385,338.79738184999997
2016,245.6051435,306.18228014999994
2017,417.8775355,405.84967860000006
2018,106.220716,105.88059890000002
2019,102.9320725,101.62415335
2020,104.572789,102.9601716
2021,319.6342545,345.60564519999997
2022,131.50116599999998,131.99814425
2023,242.5824145,258.82537675
2024,290.796406,255.22178735000006
2025,94.4105725,91.41224994999999
2026,118.681334,109.19347404999999
2027,303.1396895,121.72805429999998
2028,398.9834035,415.2697598499999
2029,107.2688605,109.87637394999999
2030,256.5152855,265.95623349999994
2031,106.88583,97.80743905000001
2032,99.991281,97.00877785000003
2033,105.9644155,109.374108
2034,243.2317965,249.22370015
2035,106.94264,104.73482859999999
2036,94.3008855,102.71337584999999
2037,420.76916449999993,436.7348284000001
2038,90.1039375,93.49341875
2039,255.131525,256.17853329999997
2040,142.8275505,145.17292949999998
2041,150.9835,140.44906874999998
2042,80.5463105,78.8499202
2043,269.355875,298.1923688
2044,100.030611,121.9211646
2045,356.394039,346.46126935
2046,101.5179405,98.59368945
2047,167.437424,162.50614119999997
2048,100.2226725,101.5610287
2049,113.1535025,118.2942394
2050,103.3721315,103.0990065
2051,101.8478755,97.09331549999999
2052,98.790842,103.90636399999998
2053,117.22525,116.91928445
2054,186.840661,221.04200715000002
2055,105.22523,108.475199
2056,77.51265649999998,82.62120835
2057,195.423341,192.88076575
2058,112.341775,112.90023914999999
2059,128.1211895,117.36926334999998
2060,97.9463395,101.35362849999999
2061,103.308985,113.11847694999999
2062,100.4756955,89.00940545
2063,104.127049,157.24068450000001
2064,106.548903,104.11492224999999
2065,101.6643355,100.34094655
2066,91.1654105,104.03742030000001
2067,128.0884145,139.61024725
2068,214.949375,249.37916290000004
2069,347.5122325000001,345.96363560000003
2070,221.5954895,215.9244968
2071,165.56553449999996,185.47538560000004
2072,72.5378485,80.02368035
2073,74.41957049999998,87.05435485000001
2074,101.734037,105.6379765
2075,102.34103,103.59211730000001
2076,101.7578535,106.33252245000001
2077,245.3318,381.29261655000005
2078,81.5265015,87.77212735
2079,94.1042355,94.59448395
2080,139.3118855,138.59610135
2081,116.3387955,110.34289330000001
2082,261.561106,254.96874250000002
2083,101.2360755,113.88187224999999
2084,99.9949955,104.72077905
2085,102.793325,126.7916607
2086,92.606855,82.52111349999998
2087,115.1932,110.07256509999999
2088,98.5035145,93.34682710000001
2089,89.042683,96.5651573
2090,101.906215,100.62945395
2091,95.9287105,92.65241225
2092,93.3869,83.6913121
2093,105.001486,106.25593819999999
2094,107.2889625,101.64928085
2095,96.6016905,104.430764
2096,76.69524799999998,79.08858775
2097,107.3370325,105.80698625
2098,130.7104145,135.0103634
2099,146.2711105,136.1335845
2100,97.173942,101.63704484999998
2101,77.7342155,114.32544909999999
2102,61.0342605,72.13178810000001
